species,mass,gc_content,mol_wt,aa_seq
Aptenodytes forsteri,28.0,0.48381452318460194,100706.248000002,MAPNLRKSHPLLKMINNSLIDLPTPSNISAWWNFGSLLGICLTTQILTGLLLAMHYTADTTLAFSSVAHTCRNVQYGWLIRNLHANGASFFFICIYLHIGRGFYYGSYLYKETWNTGIILLLTLMATAFVGYVLPWGQMSFWGATVITNLFSAIPYIGQTLVEWTWGGFSVDNPTLTRFFALHFLLPFMIAGLTLIHLTFLHESGSNNPLGIVANSDKIPFHPYYSTKDILGFALMLLPLTTLALFSPNLLGDPENFTPANPLVTPPHIKPEWYFLFAYAILRSIPNKLGGVLALAASVLILFLIPLLHKSKQRTMAFRPLSQLLFWALVANLIILTWVGSQPVEHPFIIIGQLASLTYFTTLLILFPIAGALENKMLNH
Aptenodytes patagonicus,13.4,0.4969378827646544,100610.413400002,MAPNLRKSHPLLKMINNSLIDLPTPSNISAWWNFGSLLGICLTTQILTGLLLAMHYTADTTLAFSSVAHTCRNVQYGWLIRNLHANGASFFFICIYLHIGRGFYYGSYLYKETWNTGIILLLTLMATAFVGYVLPWGQMSFWGATVITNLFSAIPYIGQTLVEWAWGGFSVDNPTLTRFFALHFLLPFMIAGLTLIHLTFLHESGSNNPLGIVANSDKIPFHPYYSTKDTLGFALMLLPLTTLALFSPNLLGDPENFTPANPLVTPPHIKPEWYFLFAYAILRSIPNKLGGVLALAASVLILFLIPLLHKSKQRTMTFRPLSQLLFWTLVANLTILTWIGSQPVEHPFIIIGQLASLTYFTILLILFPLIGTLENKMLNH
Eudyptes chrysocome,2.8,0.5118110236220472,100947.441600002,MAPNLRKSHPLLKTINNSLIDLPTPSNISAWWNFGSLLGICLATQILTGLLLAAHYTADTTLAFSSVAHTCRNVQYGWLIRNLHANGASFFFICIYLHIGRGLYYGSYLYKETWNTGIILLLTLMATAFVGYVLPWGQMSFWGATVITNLFSAIPYIGQTLVEWAWGGFSVDNPTLTRFFTLHFLLPFMIAGLTLIHLTFLHESGSNNPLGIVANSDKIPFHPYYSTKDILGFILLLLPLTTLALFSPNLLGDPENFTPANPLVTPPHIKPEWYFLFAYAILRSIPNKLGGVLALAASVLILFLIPLLHKSKQRTMTFRPLSQLLFWTLVANLTILTWIGSQPVEHPFIIIGQLASLTYFTILLILFPLIGTLENKMLNH
Eudyptes chrysolophus,4.5,0.5091863517060368,100909.19340000197,MAPNLRKSHPLLKTINNSLIDLPTPSNISAWWNFGSLLGICLATQILTGLLLAAHYTADTTLAFSSVAHTCRNVQYGWLIRNLHANGASFFFICIYLHIGRGLYYGSYLYKETWNTGIILLLTLMATAFVGYVLPWGQMSFWGATVITNLFSAIPYIGQTLVEWAWGGFSVDNPTLTRFFTLHFLLPFMIAGLTLIHLTFLHESGSNNPLGIVANSDKIPFHPYYSTKDILGFILLLLPLTALALFSPNLLGDPENFTPANPLVTPPHIKPEWYFLFAYAILRSIPNKLGGVLALAASVLILFLIPLLHKSKQRTMTFRPLSQLLFWTLVANLTILTWIGSQPVEHPFIIIGQLASLTYFTILLILFPLIGTLENKMLNH
Eudyptes sclateri,4.25,0.5083114610673666,101003.54800000199,MAPNLRKSHPLLKTINNSLIDLPTPSNISAWWNFGSLLGICLATQILTGLLLAAHYTADTTLAFSSVAHTCRNVQYGWLIRNLHANGASFFFICIYLHIGRGLYYGSYLYKETWNTGIILLLTLMATAFVGYVLPWGQMSFWGATVITNLFSAIPYIGQTLVEWAWGGFSVDNPTLTRFFTLHFLLPFMIAGLTLIHLTFLHESGSNNPLGIVANSDKIPFHPYYSTKDILGFILLLLPLTTLALFSPNLLGDPENFTPANPLVTPPHIKPEWYFLFAYAILRSIPNKLGGVLALAASVLILFLIPLLHKSKQRTMTFRPLSQLLFWTLVANLTILTWIGSQPVEHPFIIIGQLASLTYFTILLILFPLIGTLENKMLNH
Eudyptula minor,1.6,0.4925634295713036,101031.10840000198,MAPNLRKSHPLLKMINNSLIDLPTPSNISTWWNFGSLLGICLITQILTGLLLAAHYTADTTLAFSSIAHTCRNVQYGWLIRNLHANGASFFFICIYLHIGRGLYYGSYLYKETWNTGIILLITLMATAFVGYVLPWGQMSFWGATVITNLFSAIPYIGQTLVEWAWGGFSVDNPTLTRFFALHFLLPFMITGLTLIHLTFLHESGSNNPLGIVANSDKIPFHPYYSTKDILGFILLLLPLTTLALFSPNLLGDPENFTPANPLVTPPHIKPEWYFLFAYAILRSIPNKLGGVLALAASVLILFLIPLLHKSKQRSMAFRPLSQLLFWTLVANLTILTWVGNQPVEHPFIIIGQLASLTYFTILLILFPLAGTLENKMLSH
Pygoscelis adeliae,4.6,0.49081364829396323,100746.27040000199,MAPNLRKSHPLLKMINNSLIDLPTPSNISAWWNFGSLLGICLTTQILTGLLLAMHYTADTTLAFSSIAHTCRDVQYGWLIRNLHANGASFFFICIYLHIGRGLYYGSYLYKETWNTGIILLLTLMATAFVGYVLPWGQMSFWGATVITNLFSAIPYIGQTLVEWAWGGFSVDNPTLTRFFALHFLLPFVIMGLTLIHLTFLHESGSNNPLGIVANSDKIPFHPYYSTKDILGFAFMLLPLTTLALFSPNLLGDPENFTPANPLVTPPHIKPEWYFLFAYAILRSIPNKLGGVLALAASVLILFLIPLLHKSKQRTMAFRPLSQLLFWALVANLAILTWVGSQPVEHPFIIIGQLASLTYFTILLILFPSIGALENKMLNH
Pygoscelis antarctica,4.1,0.4776902887139108,100311.38700000194,MAPNLRKSHPLLKMINNSLIDLPTPSNISAWWNFGSLLGICLTTQILTGLLLAMHYTADTTLAFSSIAHTCRDVQYGWLIRNMHANGASLLFICIYLHIGRGVYDGSYLHKETWNTGVILLLTLMATAFVGYVLPWGQMSFWGATVITNLFSAIPYIGQTIVEWAWGGFSVDNPTLTRFFALHFLLPFMITGLTLIHLTFLHESGSNNPLGIVANSDKIPFHPYYSTKDILGFTLMLLPLTTLALFSPNLLGDPENFTPANPLVTPPHIKPEWYFLFAYAILRSIPNKLGGVLALAASVLVLFLSPLLHKSKQRTMAFRPLSQLLFWTLVANLLILTWIGSQPVEHPFIIIGQLASTTYFIILLILFPITSALENKMLNF
Pygoscelis papua,6.1,0.4715660542432196,100771.99040000199,MAPNLRKSHPLLKMINKSLIDLPTPPNISAWWNFGSLLGICLITQILTGLLLAMHYTADTTLAFSSIAHTCRNVQYGWLIRNLHANGASFFFICIYFHIGRGLYYGSYLYKETWNTGIILLLTLMATAFVGYVLPWGQMSFWGATVITNLFSAIPYVGQTLVEWAWGGFSVDNPTLTRFFALHFLLPFMITGLTLIHLTFLHESGSNNPLGIVANSDKIPFHPYYSTKDILGFALMLLPLTTLALFSPNLLGDPENFTPANPLVTPPHIKPEWYFLFAYAILRSIPNKLGGVLALAASVLILFLSPLLHKSKQRTMAFRPLSQLLFWTLVANLLILTWIGSQPVEHPFIIIGQLASTTYFIILLILFPITSALENKMLNF
Spheniscus demersus,3.2,0.48293963254593175,100874.61500000194,MAPNLRKSHPLLKTINNSLIDLPTPSNISAWWNFGSLLGICLATQILTGLLLAAHYTADTTLAFSSVAHMCRNVQYGWLIRNLHANGASFFFICIYLHIGRGLYYGSYLYKETWNTGIILLLTLMATAFVGYVLPWGQMSFWGATVITNLFSAIPYIGQTLVEWAWGGFSVDNPTLTRFFALHFLLPFMITGLTLIHLTFLHESGSNNPLGIVANSDKIPFHPYYSTKDILGFMLLLLPLTTLALFSPNLLGDPENFTPANPLVTPPHIKPEWYFLFAYAILRSIPNKLGGVLALAASVLILFLMPLLHKSKQRTMAFRPLSQLLFWTLVANLIILTWIGSQPVEHPFIAIGQLASFTYFTTLLILFPLAGALENKMLNH
Spheniscus humboldti,4.75,0.4925634295713036,100911.00440000193,MAPNLRKSHPLLKTINNSLIDLPTPSNISAWWNFGSLLSICLATQILTGLLLAAHYTADTTLAFSSVAHMCRNVQYGWLIRNLHANGASFFFICIYLHIGRGLYYGSYLHKETWNTGIILLLTLMATAFVGYVLPWGQMSFWGATVITNLFSAIPYIGQTLVEWAWGGFSVDNPTLTRFFALHFLLPFMITGLALIHLTFLHESGSNNPLGIVANSDKIPFHPYYSTKDILGFMLLLLPLTTLALFSPNLLGDPENFTPANPLVTPPHIKPEWYFLFAYAILRSIPNKLGGVLALAASVLILFLMPLLHKSKQRTMAFRPLSQLLFWTLVANLIILTWVGSQPVEHPFIIIGQLASLTYFTTLLILFPLAGALENKMLNH
Spheniscus magellanicus,3.4,0.4820647419072616,100902.60200000193,MAPNLRKSHPLLKTINNSLIDLPTPSNISAWWNFGSLLGICLATQILTGLLLAAHYTADTTLAFSSVAHMCRNVQYGWLIRNLHANGASFFFICIYLHIGRGLYYGSYLYKETWNTGIILLLTLMATAFVGYVLPWGQMSFWGATVITNLFSAIPYIGQTLVEWAWGGFSVDNPTLTRFFALHFLLPFMITGLTLIHLTFLHESGSNNPLGIVANSDKIPFHPYYSTKDILGFMLLLLPLTTLALFSPNLLGDPENFTPANPLVTPPHIKPEWYFLFAYAILRSIPNKLGGVLALAASVLILFLMPLLHKSKQRTMAFRPLSQLLFWTLVANLIILTWVGSQPVEHPFIIIGQLASFTYFTTLLILFPLAGALENKMLNH
